Country,Region,Year,Water Source Type,Contaminant Level (ppm),pH Level,Turbidity (NTU),Dissolved Oxygen (mg/L),Nitrate Level (mg/L),Lead Concentration (µg/L),Bacteria Count (CFU/mL),Water Treatment Method,Access to Clean Water (% of Population),"Diarrheal Cases per 100,000 people","Cholera Cases per 100,000 people","Typhoid Cases per 100,000 people","Infant Mortality Rate (per 1,000 live births)",GDP per Capita (USD),Healthcare Access Index (0-100),Urbanization Rate (%),Sanitation Coverage (% of Population),Rainfall (mm per year),Temperature (°C),Population Density (people per km²)
Mexico,North,2015,Lake,6.06,7.12,3.93,4.28,8.28,7.89,3344,Filtration,33.6,472,33,44,76.16,57057,96.92,84.61,63.23,2800,4.94,593
Brazil,West,2017,Well,5.24,7.84,4.79,3.86,15.74,14.68,2122,Boiling,89.54,122,27,8,77.3,17220,84.73,73.37,29.12,1572,16.93,234
Indonesia,Central,2022,Pond,0.24,6.43,0.79,3.42,36.67,9.96,2330,None,35.29,274,39,50,48.45,86022,58.37,72.86,93.56,2074,21.73,57
Nigeria,East,2016,Well,7.91,6.71,1.96,3.12,36.92,6.77,3779,Boiling,57.53,3,33,13,95.66,31166,39.07,71.07,94.25,937,3.79,555
Mexico,South,2005,Well,0.12,8.16,4.22,9.15,49.35,12.51,4182,Filtration,36.6,466,31,68,58.78,25661,23.03,55.55,69.23,2295,31.44,414
Ethiopia,West,2013,Tap,2.93,8.21,4.03,8.66,31.35,16.74,880,None,69.48,258,22,55,70.13,84334,53.45,86.11,51.11,2530,8.01,775
China,East,2022,River,0.06,6.11,3.12,6.97,44.98,1.23,2977,Boiling,55.43,208,23,90,92.59,6726,34.56,76.53,68.6,1573,22.42,584
Mexico,Central,2024,Spring,3.76,6.42,1.35,9.99,2.73,19.44,1172,None,44.17,397,0,10,67.3,76593,7.27,45.22,70.22,940,19.64,111
Indonesia,North,2014,Well,0.63,6.29,1.42,9.67,28.31,1.93,159,None,71.66,265,23,29,44.32,5470,47.62,69.4,69.77,2150,36.23,538
Nigeria,Central,2013,Well,9.14,6.45,0.62,7.59,45.99,10.23,2493,Chlorination,55.44,261,2,38,4.43,72858,57.11,89.85,78.67,2083,35.73,250
Brazil,South,2023,Well,4.16,8.43,4.61,6.25,14.36,11.2,2129,Boiling,41.68,286,16,97,73.37,51303,61.13,79.68,25.37,1144,9.54,299
Indonesia,West,2021,River,4.59,7.38,0.86,4.07,7.74,2.76,3078,Chlorination,79.01,30,6,23,96.56,50972,7.38,10.1,28.2,1927,21.54,265
Indonesia,West,2002,Pond,3.5,7.17,2.86,6.61,17.53,18.31,2229,Chlorination,88.58,175,9,79,48.08,35058,48.31,69.03,42.62,1535,39.42,956
China,South,2023,Lake,6.28,8.46,2.92,4.1,39.61,9.43,2917,Boiling,49.16,8,18,57,35.3,68917,65.59,81.83,47.98,2829,13.27,370
Bangladesh,East,2022,Tap,7.84,7.39,1.85,5.79,4.24,2.86,3013,Boiling,43.05,203,23,29,52.89,50606,96.11,36.22,71.04,1184,2.95,76
Nigeria,East,2018,River,6.48,7.65,1.76,9.6,30.02,14.23,1549,Chlorination,35.27,107,8,23,73.39,6043,2.5,88.2,33.75,1756,28.72,289
India,West,2024,Pond,7.48,6.83,3.34,5.39,6.78,13.27,4573,None,66.95,123,49,66,2.07,7630,67.63,42.1,63.28,2051,20.13,415
Indonesia,West,2011,Well,9.06,6.96,1.94,4.07,21.78,19.26,3385,None,88.19,237,14,28,88.95,51718,6.23,43.69,34.83,2136,37.59,787
Bangladesh,North,2001,Pond,8.64,7.49,1.28,7.08,48.3,8.83,1579,Filtration,47.56,409,48,41,88.86,14634,15.88,22.87,48.44,432,23.01,14
India,East,2002,River,6.74,6.17,2,7.22,9.76,5.36,3371,None,62.24,129,21,75,55.05,80375,17.33,17.73,94.84,944,20.46,552
Nigeria,South,2017,River,2.15,6.64,4.04,4.36,1.7,1.2,1960,Boiling,41.26,233,16,61,13.99,31686,32.89,52.93,91.66,984,36.59,161
USA,East,2000,River,6.38,6.49,4.83,4.38,21.36,14.66,3844,Boiling,58.29,3,18,26,67.84,27313,83.13,58.22,96.25,964,15.22,276
Ethiopia,North,2019,Lake,5.06,6.04,3.18,9.93,28.88,12.35,4697,Filtration,31.08,479,8,28,15.51,55052,85.62,39.35,67.31,910,23.9,572
Bangladesh,West,2020,Spring,7.17,7.34,3.91,4.7,14.88,19.45,2390,Boiling,93.75,219,37,65,51.74,41522,37.5,58.53,60.1,1888,33.83,768
Pakistan,West,2005,Tap,8.33,7.4,2.66,8.87,27.09,14.24,1419,Chlorination,77.36,261,18,56,11.18,75241,43.13,41.57,87.91,1897,23.9,57
USA,North,2004,Lake,7.43,6.96,3.12,6.29,47.67,18.66,3917,Filtration,53.3,29,7,60,59.73,6633,21.7,79.45,26.37,2017,11.91,343
Ethiopia,South,2000,Lake,8.47,6.67,4.94,6.04,15.59,19.83,3835,Filtration,91.68,438,5,28,33.17,51641,43.25,86.31,98.28,2253,22.33,653
China,West,2018,Spring,0.64,7.63,2.19,5.06,15.47,8.57,4428,None,42.81,411,48,56,83.44,59746,27.48,57.48,56.99,1233,17.28,145
Mexico,Central,2000,Lake,0.32,6.34,0.33,8.42,24.14,3.01,4450,None,35.51,316,37,72,80.39,84224,17.49,77.38,74.06,1560,39.39,528
Brazil,West,2020,River,2.59,7.3,4.79,9.16,25.77,3.92,3630,Chlorination,95.98,76,44,54,99.85,69361,15.85,78.3,78.28,2890,2.04,492
Pakistan,Central,2020,River,9.01,7.92,3.97,4.83,0.07,6.37,4942,Chlorination,51.63,182,20,43,27.24,6473,77.56,67.1,70.31,2359,30.72,128
China,North,2015,Pond,8.24,6.41,1.99,3.67,30.79,10.18,162,None,95.52,365,28,27,8.06,55543,11.69,25.36,91.32,2327,0.96,297
Nigeria,North,2011,Well,6.83,7.88,4.91,3.96,49.87,2.45,115,None,74.63,291,33,36,45.41,72246,61.6,22.4,43.05,2700,24.16,351
China,West,2021,Lake,7.01,7.9,1.73,8.55,14.6,6.03,1470,Chlorination,98.6,457,11,22,10.17,17761,16.75,83.56,62.58,2295,17.24,287
Mexico,East,2007,Well,7.27,6.15,1.86,6.05,31.54,6.16,3079,None,82.74,201,38,76,19.49,82551,83.78,31.2,54.42,290,36.42,503
Nigeria,Central,2015,Tap,9.43,6.05,3.05,3.92,0.23,0.08,3852,Filtration,37.38,388,31,68,60.54,38435,27.45,29.71,76.33,1868,21.57,739
Pakistan,South,2000,River,8.32,8.43,1.37,5.38,30.22,7.08,2838,Chlorination,89.66,156,5,95,60.03,81950,4.49,23.29,51.61,895,33.09,636
Mexico,West,2003,Pond,6.23,6.48,3.49,6.6,22.35,2.32,542,None,40.35,99,16,91,6.25,93264,45.21,52.2,91.43,2323,26.89,173
India,South,2009,Tap,6.66,8.06,0.76,8.96,26.51,8.59,413,Boiling,78.45,395,31,57,45.4,1492,99.98,64.16,59.23,462,17.88,294
Brazil,West,2010,Pond,2.14,7.4,0.54,7.49,27.2,3.93,681,Boiling,65.03,121,7,78,53.96,39040,81.31,64.09,62.88,600,13.51,973
Pakistan,East,2016,Spring,6.57,6.66,2.67,4.23,8.85,16.44,641,Chlorination,79.54,405,37,87,28.27,89818,57.03,30.88,59.47,1457,4.68,232
India,East,2024,River,4.25,6.32,2.78,4.11,38.5,1.61,3978,Boiling,83.55,314,28,31,87.46,26835,18.94,17.58,69.81,1200,0.54,607
Ethiopia,East,2022,Tap,1.53,7.24,0.53,5.89,27.77,17.31,1432,Boiling,86.26,109,30,84,17.79,68632,11.75,34.82,60.83,415,0.06,710
Pakistan,East,2006,Spring,8.06,7.02,4.82,3.53,13.51,11.61,668,Filtration,88.45,166,18,68,26.88,93711,83.86,50.27,94.99,2194,9.04,386
Ethiopia,North,2011,Tap,5.1,7.75,2.87,8.29,46.87,9.17,2069,Chlorination,89.31,129,8,35,17.39,3449,78.77,59,30.49,1568,22.44,62
Nigeria,North,2020,Pond,9.77,8.26,0.76,5.81,0.64,10.99,968,Boiling,58.88,269,27,91,13.42,22225,46.22,31.65,21.07,1397,39.02,337
India,Central,2006,Spring,2.82,8.01,1.56,5.4,36.3,7.52,1180,None,92.25,137,47,31,88.14,30571,42.14,24.65,61.74,2284,28.21,350
Brazil,South,2011,Spring,4.81,6.69,4,6.56,19.06,2.55,4819,Chlorination,80.37,175,49,58,29.23,25977,74.87,77.33,81.17,1102,2.83,536
Mexico,West,2014,River,4.48,8.2,2.62,7.96,26.13,15.32,3235,Chlorination,88.73,63,38,59,72.81,53136,53.6,78.63,71.86,1752,25.81,648
Indonesia,West,2001,Well,1.21,8.08,0.94,6.99,14.58,18.56,251,Boiling,99.24,130,39,86,43.94,71626,40.42,32.4,97.02,2032,19.42,697
China,North,2013,Pond,4.26,8.32,0.51,8.62,16.06,19,4300,Boiling,38.15,327,30,79,64.32,40505,25.17,54.81,34.58,2567,25.45,127
USA,West,2012,Pond,2.88,7.15,2.15,7.41,0.76,13.41,2879,Filtration,55.94,187,18,73,92.96,78665,12.26,45.19,75.52,2074,24.93,191
Brazil,North,2003,Spring,1.6,7.92,1.69,8.52,36.49,8.21,3998,None,86.46,464,32,92,84.77,66101,59.48,21.36,85.27,2716,5.76,589
India,Central,2013,Spring,2.82,7.48,3.28,7.88,35.54,9.57,790,Filtration,36.04,451,25,26,8.76,13394,82.6,85.25,92.97,2292,36.78,499
Indonesia,South,2013,River,2.33,6.78,4.63,4.35,32.72,13.14,4560,Filtration,67.85,276,44,98,84.83,69800,74.62,10.78,62.28,1077,22.18,515
Brazil,Central,2015,Well,7.34,8.49,1.24,3.37,43.9,16.46,1495,None,90.09,349,0,23,46.28,19677,69.63,25.01,49.05,1103,28.03,334
India,East,2006,Pond,0.31,6.1,4.28,9.32,45.06,7.49,4489,Boiling,31.33,146,10,86,36.31,5977,92.89,37.65,96.43,2101,15.48,877
Bangladesh,East,2018,Lake,6.17,6.41,4.6,9.62,27.82,18.34,3068,Filtration,95.77,334,1,66,67.89,78681,39.45,78.52,83.32,1332,4.89,713
Bangladesh,East,2001,Lake,7.61,8.23,4.51,8.09,34.24,6.49,2707,Chlorination,98.47,19,34,35,95.12,67451,13.72,73.09,57.67,546,27.64,203
Ethiopia,Central,2009,Well,4.81,6.15,4.76,8.07,0.55,10.62,2577,Filtration,52.56,313,12,13,11.23,63149,10.19,56.39,72.09,1361,37.7,187
Brazil,West,2017,Tap,9.32,8.22,4.21,4.89,42.32,19.23,1235,None,83.68,41,38,67,77.27,38692,95.5,65.6,42.29,1161,23.25,977
Bangladesh,South,2016,River,7.08,7.79,2.97,6.8,40.82,18.76,1058,Filtration,38.9,349,33,43,21.94,6707,58.9,37.27,69.19,2574,7.95,568
India,East,2004,Well,7.48,6.09,2.05,9.95,1.01,13.91,1170,Filtration,84.1,393,33,47,39.25,8869,81.08,85.24,63.2,2761,24.93,973
Ethiopia,East,2011,Lake,1.97,7.07,2.46,8.99,27.14,6.49,3618,Chlorination,63.71,406,34,31,87.63,82654,53.56,12.14,23.14,2327,17.16,918
India,East,2005,Spring,7.77,7.89,4.36,5.13,45.33,4.38,3659,None,90.22,343,31,83,55.49,66797,39.85,18.07,89.26,1341,15.96,663
Ethiopia,South,2021,Lake,8.32,7.46,1.51,5.11,9.07,1.6,3655,Chlorination,44.88,139,44,16,8.61,87826,20.03,84.04,59.22,2509,36.54,18
Brazil,East,2008,Spring,3.61,8.34,0.8,6.39,17.63,14.17,56,Boiling,77.09,8,11,92,51.79,1782,85.64,85.6,58.38,1303,29.48,421
Indonesia,South,2019,River,2.13,8.17,0.7,5.83,16.55,10.07,1892,None,85.03,78,32,56,79.38,81862,6.35,49.25,42.67,800,20.35,943
Mexico,East,2000,Spring,3.85,6.83,4.13,5.6,17.8,11.45,2569,Filtration,44.17,412,17,38,53.83,18147,90.02,56.12,35.71,756,16.7,533
Pakistan,Central,2021,Well,7.4,6.21,3.81,7.39,2.09,9.45,4080,Chlorination,87.28,337,4,31,18.36,94186,20.5,82.2,43.31,2513,9.72,613
Indonesia,Central,2014,Spring,4.18,8.36,2.49,3.08,13.95,9.66,4456,Chlorination,97.06,147,18,67,45.61,88123,0.95,78.27,72,955,13.74,22
Nigeria,South,2020,Tap,7.37,7.29,1.37,8.34,14.74,11.43,1948,None,73.13,192,30,87,92.59,36881,10.39,78.96,27.81,592,21.62,286
India,Central,2005,Well,1.14,6.19,3.39,8.18,43.29,18.29,222,Chlorination,84.94,258,26,1,66.5,37714,88.35,39.74,46.63,2249,1.93,448
Nigeria,South,2018,River,8.06,8.04,0.19,8.81,17.61,0.59,1639,None,67.28,135,41,77,73.53,89529,7.37,76.44,98.3,2012,14.3,47
Indonesia,Central,2017,Well,2.53,8.17,2.84,8.89,22.36,16.03,4422,Boiling,71.87,38,37,41,79.02,69419,35.52,15.54,41.72,2743,19.76,829
Ethiopia,Central,2005,Tap,2.49,7.6,1.99,6.96,19.04,7.81,1757,None,30.93,319,49,37,10.89,85429,25.03,48.96,97.33,2985,24.33,803
Pakistan,South,2012,River,5.9,7.12,4.89,8.46,6.03,14.9,835,None,66.7,286,14,54,58.99,51274,3.69,28.99,28.38,2993,29.72,994
Pakistan,West,2000,Lake,0.7,7.66,2.54,6.45,49.52,18.97,2536,Boiling,70.29,366,45,54,38.84,27954,53.15,12.86,83.52,832,0.55,799
USA,Central,2022,Tap,0.26,7.77,2.76,9.66,41.29,6.13,2525,Boiling,76.9,455,47,33,15.64,529,99.83,59.38,55.18,1179,11.79,444
Pakistan,East,2022,River,2.61,8.23,3.56,4.33,27.05,1.79,984,Filtration,41.86,462,3,45,21.87,49960,85.3,16.09,35.59,734,10.44,765
Mexico,West,2012,Spring,5.38,8.39,2.42,9.41,23.82,4.65,1357,Chlorination,46.9,378,18,42,78.55,75737,16.89,19.61,82.99,2668,20.85,253
Pakistan,South,2006,Well,9.08,7.29,1.12,4.81,32.46,4.44,4887,Boiling,82.92,149,20,1,17.83,84513,88.43,16.54,20.56,1971,18.64,849
Indonesia,West,2014,River,8.46,8,2.69,3.72,16.32,14.84,3060,Boiling,41.73,351,39,35,32.62,53082,45.18,88,47.77,1771,3.2,558
USA,North,2011,Well,4.9,8.41,4.72,6.07,2.51,1.24,4477,Chlorination,59.12,4,0,69,29.92,83194,27.33,13.14,68.39,725,30.45,753
Indonesia,North,2000,Spring,0.37,6.38,2.05,7.3,20.22,1.02,1446,Chlorination,47.53,235,19,35,6.77,84018,64.03,31.58,38.48,2718,27.49,182
Indonesia,Central,2014,River,5.35,6.05,3.4,4.62,49.2,13.87,1371,Filtration,68.16,235,21,21,47.29,75682,21.67,62.16,46.6,1750,32.85,260
China,Central,2003,Lake,7.05,8.17,4.89,6.89,9.12,11.13,3224,Filtration,99.08,313,12,68,77.06,35871,87.97,75.87,27.32,956,4.44,641
USA,East,2012,Tap,3.39,6.49,4.15,8.66,26.39,8.36,1874,None,89.64,456,40,37,4.17,2980,62.42,58.66,88.26,490,20.25,351
Indonesia,West,2022,River,1.11,6.11,3.3,4.8,0.43,11.51,2499,Filtration,48.86,104,0,53,13.03,9538,13.6,88.12,53.77,1910,24.15,854
China,North,2024,Spring,2.79,6.4,3.68,7.06,6.1,14.7,3361,Boiling,55.8,206,14,21,72.58,25282,57.06,37.02,31.62,1515,1.96,942
China,Central,2004,River,7.72,6.96,4.68,5.38,29.36,2.07,1142,Boiling,94.3,238,14,74,60.17,63944,51.04,47.76,35.93,2006,38.38,23
USA,West,2001,Well,3.51,6.55,4.8,6.71,14.87,11.07,4309,Chlorination,92.88,318,13,30,72.09,60337,47.15,75.7,42.01,2880,31.78,283
Nigeria,Central,2022,Pond,8.12,6.76,4.84,7.67,45.28,16.49,564,Filtration,41.24,316,4,52,24.55,85550,36.5,64.54,38.36,2201,9.75,362
Ethiopia,Central,2000,River,3.2,8.44,3.13,5.45,20.31,7.25,4827,None,88.05,51,48,92,80.77,9921,47.42,27.13,60.26,1921,25.15,144
Mexico,North,2015,Lake,1.64,7.76,1.92,9.96,10.4,15.26,4534,None,50.83,107,5,58,49.03,49598,58.6,49.89,92.42,692,5.74,979
Ethiopia,North,2022,River,4.36,7.78,0.67,6.95,27.28,16.91,1588,None,68.07,356,40,96,61.81,88894,73.36,88.08,34.71,1638,34.93,709
Pakistan,Central,2005,Tap,4.52,6.24,1.93,8.77,39.75,16.42,3985,None,30.36,32,30,85,11.03,87111,91.79,79.04,56.28,1067,3.93,451
Mexico,South,2022,River,0.16,7.83,4.71,8.08,0.97,13.01,4724,Chlorination,99.9,21,25,48,22.09,23552,4.44,25.34,73.11,1972,36.16,999
Pakistan,Central,2015,Pond,1.17,7.85,4.45,8.97,25.28,14.35,4998,Filtration,83.28,306,24,26,77.79,68832,56.93,24.38,34.7,2065,33.11,388
Indonesia,Central,2013,Well,1.85,7.65,2.62,4.22,38.67,15.75,1470,Filtration,46.92,10,48,71,23.94,34395,75.2,76.27,32.32,661,19.13,576
India,East,2002,River,1.14,6.57,2.69,4.56,5.18,14.67,3914,Filtration,77.87,126,38,56,11.07,72538,11.56,25.91,32.43,695,26.1,811
USA,East,2014,Lake,3.42,7.06,1.54,6.41,45.14,9.03,3113,Filtration,50.53,441,39,5,60.53,46110,91.15,46.22,90.56,225,9.83,136
Mexico,East,2002,Spring,9.65,8.12,2.27,8.97,13.23,3.18,4490,None,36.26,49,14,45,55.7,1787,24.5,24.46,76.9,965,15.37,310
Mexico,South,2022,River,5.09,7.68,3.57,4.38,8.53,6.19,4342,None,59.77,197,5,24,61.57,87270,83.33,11.17,46.91,2277,8.7,780
Indonesia,South,2001,River,6.28,7.83,2.01,9.8,29.46,4.14,3362,Chlorination,72.96,16,0,97,62.59,25624,66.2,80.03,92.2,2643,21.1,945
Nigeria,Central,2000,Tap,3.56,7.47,0.94,3.89,8.75,7.23,1636,Chlorination,36.28,429,40,8,51.02,20829,55.95,72.32,96.28,2022,12.75,853
China,East,2008,Lake,3.23,7.12,2.7,4.23,33.99,9.79,2912,None,66.29,43,6,63,50.39,37197,86.92,47.65,51.86,1332,14.06,621
Indonesia,South,2008,Pond,0.23,7.9,1.13,4.17,24.51,19.18,1472,Boiling,66.04,184,3,99,92.57,59117,96.92,22.77,60.84,2102,17.71,830
Bangladesh,North,2022,Spring,5,6.17,4.87,7.1,5.5,19.19,1244,Filtration,74.01,388,0,30,54.32,63083,99.71,74.51,48.65,1049,34.9,168
China,Central,2006,Well,4.84,7.68,1.95,9.42,45.62,15.39,3737,Chlorination,47.13,38,40,18,62.5,25882,68.33,38.75,38.2,533,21.94,544
USA,West,2002,River,1.58,8.49,4.55,4.79,33.66,19.6,2098,None,31.44,441,1,64,28.16,67963,33.91,62.96,82.4,1627,32.26,209
China,Central,2017,Pond,7.64,7.95,1.13,6.87,27.3,19.96,2597,Filtration,52.74,495,47,87,87.37,93745,87.47,35.34,71.93,1665,33.94,74
Nigeria,West,2010,Spring,4.93,6.73,0.95,4.23,18.72,17.71,2512,Filtration,57.9,136,33,97,4.39,30405,65.43,44.58,49.35,1454,9.82,704
China,East,2006,Well,3.39,6.69,3.08,7.42,6.74,1.59,4514,None,74.5,476,34,16,56.61,90394,32.33,52.84,21.15,2395,31.11,748
USA,West,2008,Pond,1.47,7.67,3.9,3.86,35.38,8.52,258,Boiling,95.11,278,45,33,39.62,20865,93.24,70.96,81.09,771,25.95,632
Nigeria,East,2000,Lake,5.52,8.24,2.83,6.44,40.68,10.68,2358,Boiling,44.24,430,12,98,61.18,18629,74.77,76.57,58.19,1001,20.3,88
Ethiopia,North,2013,Lake,7.53,7.44,1.15,7.59,6.29,2.48,3393,Chlorination,78.11,163,16,35,37.3,29484,45.28,45.48,25.85,1388,3.55,766
Mexico,West,2019,Spring,2.82,7.32,0.19,7.05,24.73,16.17,3778,None,36.82,30,9,12,72.33,46858,45.45,28.64,29.96,394,22.89,101
Mexico,Central,2005,Well,2.19,6.4,3.09,3.98,24.24,2.97,3411,Chlorination,43.34,339,2,58,3.99,78711,99.59,22.29,70.27,682,6.22,149
Pakistan,East,2006,Lake,5.22,7.79,0.66,4.13,17.5,7.67,1268,Boiling,65.64,22,3,88,41.78,24990,37.37,37.26,63.71,326,32.65,10
Ethiopia,Central,2009,Spring,1.55,7.76,1.72,7.7,39.47,1.38,939,Chlorination,79.59,439,24,75,83.46,55934,9.41,74.14,39.24,424,37.38,276
Ethiopia,South,2006,Lake,6.67,8.42,3.38,8.66,4.98,10.49,2376,Chlorination,90.1,198,36,20,26.52,6471,53.86,31.92,31.19,2811,19.12,60
China,East,2001,Lake,6.05,6.75,0.49,9.36,10.25,11.94,3951,Boiling,82.07,173,42,64,7.17,18950,88.49,13.8,90.78,755,17.62,238
Mexico,West,2003,Pond,0.87,7.89,0.64,8.7,0.08,14.7,195,Filtration,31.07,57,37,5,50.66,15156,58.45,55.14,30.79,1821,19.55,378
USA,East,2020,Pond,0.37,7.09,0.31,9.82,18.65,6.79,4157,Filtration,77.88,419,28,10,97.7,41554,79.31,12.69,26.85,354,2.69,459
Brazil,Central,2016,Lake,6.2,7.4,4.98,5.86,14.56,11.81,3096,Boiling,87.73,195,0,79,8.29,98933,5.49,80.79,69.6,2285,9.48,566
Brazil,North,2000,Tap,2.94,8.04,1.94,5.32,43.35,14.68,3635,Filtration,66.79,87,29,21,8.87,7772,67.34,64.24,40.2,803,37.62,108
Nigeria,East,2009,Pond,0.86,6.55,4.53,3.2,37.29,15.24,561,None,97.59,443,38,10,60.32,40356,7.92,30.55,72.53,2260,13.8,502
Mexico,West,2018,Well,7.59,6.86,1.47,6.15,4.22,6.03,3449,Filtration,30.3,141,9,36,26.51,69304,55.64,47.53,59.13,2596,23.65,81
Mexico,South,2014,Spring,3.14,7.93,3.77,7.56,37.05,1.35,3366,Boiling,87.31,280,28,25,42.2,27029,49.78,69.14,36.9,2652,25.97,808
Brazil,North,2009,Spring,4.6,7.43,1.1,8.71,33.77,0.75,3123,None,53.44,454,43,56,83.39,34254,94.56,83.25,25.57,1009,35.09,606
Mexico,South,2018,Well,2.37,6.23,2.49,4.87,14.09,15.36,2891,Chlorination,75.53,206,31,25,21.49,36378,13.25,79.96,25.65,424,9.53,190
China,East,2011,Well,6.27,7.08,4.12,6.6,0.77,7.71,39,Boiling,78.54,171,43,20,72.49,20456,0.95,15.56,66.87,503,35.61,950
Bangladesh,Central,2023,Well,3.01,7.47,4.08,7.63,5.76,2.68,1767,Boiling,51.44,301,0,56,51.44,58660,13.74,16.49,80.66,419,15.67,844
India,Central,2015,Well,9.68,8.27,3.97,6.86,12.5,3.69,2504,Filtration,99.68,396,40,25,90.69,24182,17.07,57.82,75.17,2325,36.87,738
Ethiopia,West,2008,River,7.03,6.47,4.12,4.92,40.83,15.32,787,None,37.23,317,16,14,97.35,96909,25.09,49.72,67.43,2225,16.45,818
Pakistan,Central,2014,Spring,1.37,8.01,1.06,8.57,23.27,11.98,1876,Boiling,40.99,274,11,62,49.53,35868,81.51,33.43,36.87,477,4.16,165
Nigeria,North,2016,River,4.17,6.33,2.41,4.21,45.92,10.03,4097,None,92.45,395,1,34,59.3,48948,37.69,88.09,88.94,2220,2.08,967
Bangladesh,Central,2013,Lake,3.85,6.61,2.42,9.33,39.46,12.46,1492,None,38.34,367,8,10,75.09,35437,84.08,69.7,70.31,2217,38.69,869
Brazil,West,2017,Lake,5.34,6.61,4.45,9.67,14.36,2.75,1129,Filtration,56.69,345,11,72,33.23,18663,27.19,64.99,75.54,728,4.85,907
Ethiopia,East,2001,Spring,8.42,8.19,1.48,5.56,42.27,6.38,2263,Boiling,81.32,47,24,86,24.22,17640,86.05,24.51,37.91,1320,21.65,849
Mexico,East,2003,Lake,5.83,6.5,4.66,5.63,5.84,7.48,4872,None,85.4,160,35,67,96.54,34435,0.81,32.71,40.92,680,21.08,586
Pakistan,Central,2017,Well,0.62,7.97,2.25,8.2,1.81,6.29,4509,None,96.83,462,43,93,44.4,24237,93.45,58.4,92.6,878,16.05,926
Mexico,South,2006,River,6.55,7.15,3.35,6.19,30.43,17.29,4021,Chlorination,85.27,164,49,91,2.16,35862,74.6,73.65,58.09,1294,16.72,664
USA,East,2012,Well,0.08,8.5,1.34,3.2,17.09,11.63,4305,Filtration,89.12,389,34,88,84.1,87750,41.27,84.48,64.31,2182,19.03,960
USA,Central,2014,Lake,7.8,8.1,2.05,9.44,16.47,14.59,2185,Boiling,96.46,378,21,85,60.77,3604,57.73,65.82,28.86,2976,3.98,401
Pakistan,West,2024,Pond,6.67,7.85,3.55,6.02,34.36,4.73,1644,None,68.76,216,32,88,18.52,33673,93.3,43.49,51.57,2999,31.64,369
Pakistan,Central,2022,River,3.09,8.18,2.56,4.42,42.51,5.28,3560,Filtration,54.04,116,49,89,4.95,2911,58.26,65.29,90.96,1914,15.08,351
Brazil,East,2021,Well,2.92,7.59,4.65,6.89,16.11,4.51,2685,Boiling,83.31,336,20,49,30.57,28103,22.86,15.53,92.01,1381,9.78,752
Pakistan,West,2000,Spring,7.98,8.11,3.69,4.53,16.25,13.76,4821,None,41.45,426,39,28,92.93,98483,57.29,58.01,78.41,752,12.73,29
China,Central,2010,Well,7.83,6.65,2.82,4.44,26.69,6.98,1412,Boiling,34.78,250,21,63,93.48,61931,87.14,81.57,63.65,2297,24.47,342
Mexico,North,2009,Pond,3.52,6.24,4.43,6.82,32.66,8.1,1221,Boiling,84.97,355,27,40,32.48,90774,98.74,60.96,94.47,2019,31,201
Bangladesh,West,2024,Lake,2.99,7.54,3.33,5.74,10.15,14.18,2249,Filtration,96.55,433,3,95,83.92,77039,58.41,10.6,89.75,2649,6.14,355
Indonesia,North,2004,River,5.6,7.09,3.24,7.01,45.63,19.44,2239,Filtration,60.97,243,25,25,45.3,13338,15.56,65.56,87.71,1922,23.7,304
Pakistan,South,2015,Spring,0.08,7.07,1.23,9.98,32.72,3.24,4202,Chlorination,41.28,429,22,27,66.13,74358,77.18,68.12,90.54,2313,16.9,144
Nigeria,West,2010,River,0.83,7.32,1.97,9.01,31.26,1.25,4422,Chlorination,64.79,246,47,83,34.78,85587,99.69,53.3,56.26,1458,34.48,962
USA,North,2020,Spring,1.26,6.9,3.42,3.05,45.21,3.9,643,Chlorination,57.53,72,48,47,52.57,52352,47.36,75.29,62.04,2873,37.97,212
China,East,2005,River,1.85,7.57,4.46,3.35,45.36,14.7,4452,None,56.07,283,22,65,30.79,76545,38.37,26.18,53.92,2516,27.14,680
Ethiopia,East,2008,Lake,5.12,6.08,1.58,7.27,6.78,3.89,2548,Chlorination,73.97,482,40,22,7.99,44411,55.25,42.72,79.21,1480,23.59,683
Indonesia,South,2012,Spring,9.92,8.42,1.08,7.38,7.25,11.69,4603,Boiling,42.23,194,7,38,15.66,57186,16.48,74.61,67.35,615,31.21,724
Bangladesh,West,2023,Tap,6.53,8.31,2.97,9.15,38.1,11.81,3805,Filtration,56.63,266,31,68,30.49,38150,97.13,58.3,25.58,2769,19.83,97
Indonesia,West,2007,River,0.61,8.34,0.34,7.4,47.84,5.89,4290,Boiling,90.81,403,38,20,97.67,93024,83.83,89.55,30.93,2746,2.21,354
Pakistan,West,2013,River,5.26,6.91,3.57,4.59,33.33,1.37,4142,Filtration,81.08,86,43,85,96.64,35201,11.3,15.54,35.39,2648,28.04,572
Brazil,South,2023,Well,4.97,7.33,3.52,6.28,20.57,7.98,1385,Filtration,33.89,245,0,48,83.11,85925,94.51,29.54,73.64,2813,23.22,705
USA,West,2000,Spring,1.44,8.39,1.77,8.66,34.17,3.74,2584,Boiling,65.97,157,29,74,24.79,69015,94.28,25.93,28.78,2223,6.06,874
USA,East,2016,Pond,9.2,8.26,4.46,9.46,11.44,3.69,1601,Boiling,36.39,356,27,93,45.28,67382,31.64,88.11,63.27,1886,8.52,806
Ethiopia,North,2023,Tap,4.41,7.98,2.51,4.66,49.9,10.45,4942,None,97.02,35,16,91,45.1,78028,61.91,79.54,87.27,1038,9.23,259
Brazil,East,2004,Lake,9.95,7.02,3.23,6.78,21.55,13.46,4804,Filtration,47.12,235,22,35,39.92,68672,11.08,20.65,95.8,2553,29.3,328
Mexico,East,2024,Well,4.2,7.41,1.05,4.11,46.58,1.51,3317,Chlorination,95.28,247,37,80,6.4,31427,8.42,38.3,54.26,1131,20.73,734
India,North,2001,Tap,6.08,7.98,2.09,6.48,21.54,11.57,807,None,88.38,459,23,84,54.38,64335,50.18,14.21,62.67,2509,1.92,506
China,East,2024,Spring,1.05,6.68,4.31,3.63,46.41,4.92,2659,Chlorination,68.6,99,21,36,9.14,25120,4.97,60.61,86.52,649,33.52,298
USA,South,2023,Tap,4.54,7.57,1.06,9.59,16.78,13.47,114,None,53.54,226,4,99,80.59,846,87.49,36.5,94.86,1076,25.8,310
Nigeria,North,2008,River,2.39,8.07,1.95,7.47,38.03,16.2,2727,Filtration,90.06,118,24,88,69.75,46269,92.81,30.61,51.19,2279,29.33,15
USA,East,2003,River,8.36,7.77,1.59,8.98,47.55,16.14,4726,Boiling,40.69,353,6,87,36.57,20677,6.73,51.85,48.24,268,37.5,558
Indonesia,Central,2016,Well,7.84,7.2,0.76,9.99,32.3,7.4,2266,Boiling,42.6,195,21,93,65.42,16699,4.73,73.64,56.07,282,10.41,702
USA,East,2016,Spring,8.24,7.46,1.45,4.28,33.88,11.35,4292,Filtration,45.73,87,43,41,24.84,13434,22.14,42.31,40.3,969,23.58,267
USA,South,2020,Spring,7.24,8.47,1.16,7.86,5.14,15.87,4496,Boiling,71.84,35,36,61,27.99,64521,93,70.6,88.77,1010,30.41,627
India,West,2017,Tap,8.33,7.5,4.62,9.21,23.71,1.22,3901,Filtration,52,313,33,98,32.79,29529,76.9,45.69,45.46,670,20.51,231
India,East,2015,Well,2.01,7.96,3.71,7.03,44.34,12.11,2728,Filtration,99.24,27,35,84,80.11,71036,67.65,27.16,55.96,2187,19.44,322
Bangladesh,West,2007,Spring,4.52,7.82,1.58,7.48,12.05,16.73,4171,Filtration,43.66,38,48,5,22.65,41519,77.63,45.7,45.6,1227,37.15,357
Mexico,Central,2010,Pond,6.92,7.75,3.82,5.85,39.42,7.45,1449,None,86.39,321,39,84,57.15,19229,19.95,53.04,29.51,2834,9.74,873
Nigeria,East,2020,Pond,6.37,7.79,0.11,7.72,33.79,9.11,4382,Boiling,36.71,426,19,7,21.65,81819,25.66,46.93,68.53,1328,26.12,638
USA,North,2020,River,7.16,7.14,2.63,5.77,11.15,13.97,1568,None,54.74,4,36,68,29.93,69802,31.76,31.95,67.01,2395,38.81,700
USA,West,2017,Tap,2.24,7.19,1.25,6.34,14.14,1.36,1322,Chlorination,47.06,475,16,39,25.08,99251,60.51,24.81,43.59,321,8.8,100
China,Central,2022,Lake,0.98,7.17,0.57,3.72,21.38,7.71,860,Filtration,98.38,140,3,9,65.21,31832,60.82,85.76,22.51,1731,18.5,944
India,North,2023,River,9.17,6.08,4.42,3.05,6.26,5.91,741,Boiling,31.8,227,49,30,53.62,35683,20.86,33.8,94.94,2090,39.02,671
Nigeria,North,2009,Well,5.6,6.6,1,3.39,45.67,0.34,1730,Chlorination,80.52,8,17,29,72.69,46109,43.67,66.43,48.44,2754,1.43,856
Ethiopia,North,2012,Spring,1.54,6.39,4.11,4.35,36.97,3.92,4904,Filtration,47.34,358,27,50,23.55,38416,69,37.26,63.1,2133,25.19,180
Bangladesh,North,2016,River,7.93,8.22,2.07,6.2,18.25,7.92,2933,Chlorination,86.79,477,49,84,2.9,3535,30.96,87.57,31.5,888,16.18,303
Mexico,East,2017,Lake,9.15,6.69,0.07,3.15,14.98,3.95,3518,None,51.79,56,15,35,68.69,68360,7.55,89.06,40.09,1610,30.84,201
Brazil,East,2009,Lake,1.7,6.35,3.66,4.09,34.48,12.05,4509,None,43.11,282,42,60,13.26,89172,19.74,76.01,54.82,2198,12.93,558
Mexico,East,2015,Pond,8.17,6.3,2.98,8.47,21.21,8.97,4526,Boiling,78.51,444,7,26,26.14,97458,16.47,56.52,64.98,732,14.92,109
Indonesia,Central,2019,Well,9.33,7.75,1.72,8.34,11.47,0.79,3167,Chlorination,48.03,460,43,34,31.96,30574,63.19,53.37,88.32,516,20.63,815
USA,Central,2004,River,9.38,6.02,1.41,8.53,21.51,5.5,1918,Chlorination,63.99,489,17,59,75.19,87346,6.85,36.32,43.23,1993,13.84,848
Bangladesh,Central,2012,Tap,9.14,7.18,0.37,9.45,43.56,0.39,2218,None,39.21,358,49,31,63.34,61901,88.47,19.76,89.74,348,10.38,40
Indonesia,South,2017,River,5.46,6.3,4.71,3.83,3.43,7.16,1340,None,80.72,177,28,89,20.06,25113,8.44,16.32,56.68,704,14.21,821
Nigeria,Central,2016,Pond,3.56,8.12,2.47,4.14,18.42,5.18,4639,Boiling,58.48,475,39,3,60.59,59074,59.79,47.24,54.61,2082,36.32,615
Brazil,East,2008,Lake,0.07,8.4,0.43,5.33,48.12,13.76,1514,Filtration,39.84,81,15,90,71.4,6325,92.95,88.3,51.71,2742,13.71,791
India,East,2013,Well,0.61,8.4,4.34,9.41,0.74,6.15,1411,Boiling,81.91,417,29,99,40.11,41087,6.24,29.75,90.89,1114,35.98,513
Bangladesh,South,2016,Well,4.29,7.1,1.39,8.43,44.53,7.5,3036,None,37.24,84,48,26,26.1,41748,38.31,42.88,40.08,632,8.2,107
Bangladesh,South,2003,Tap,3.99,7.61,1.02,5.27,18.74,14.51,4167,Boiling,70.24,64,33,46,68.54,89538,32.79,61.31,88.59,791,26.89,61
USA,Central,2017,Well,1.85,7.5,1.4,3.61,9.48,9.62,1022,Filtration,72.52,428,29,5,61.87,88032,34.42,38.09,27.13,2511,29.8,484
Pakistan,West,2019,Pond,3.95,6.88,2.82,7.31,0.75,11.13,4627,None,95.12,342,20,81,9.64,41204,60.03,10.29,96.43,2944,4.45,352
Bangladesh,South,2023,Pond,1.75,7.11,0.37,4.8,3.53,16.83,2286,Filtration,40.57,289,21,25,67.33,63188,26.21,41.7,60.24,800,21.76,972
China,North,2023,Pond,8.49,6.16,2.41,6.72,8.59,4.14,2758,Boiling,75.73,355,46,23,49.87,14863,2.73,74.37,99.91,2223,0.52,910
Brazil,East,2014,Well,2.98,7.99,4.48,9.59,1.27,19.78,4672,Filtration,56.65,456,24,70,75.83,13489,96.23,85.52,68.63,2652,37.13,819
Brazil,North,2010,Well,5.99,6.6,0.94,7.01,16.79,18,3771,None,58.06,135,21,43,20.69,48360,74.88,32.01,29.41,1347,20.97,359
China,East,2011,Pond,5.03,7.15,1.66,9.47,2.24,5.73,1112,None,65.13,249,27,13,27.31,60225,13.51,83.73,24.87,463,1.47,528
Ethiopia,East,2008,Well,0.52,7.2,1.98,5.75,34.61,17.86,1945,Filtration,46.36,497,38,12,55.24,38760,45.52,79.37,35.47,858,27.33,767
China,South,2012,Well,9.42,7.4,2.93,7.43,40.95,15.08,4808,Boiling,62.28,93,32,25,49.21,14638,6.27,42.54,53.69,1314,35.43,27
China,South,2014,Lake,5.27,8.04,4.6,9.26,44.37,18.62,1558,Boiling,78.08,47,1,42,39.86,39972,2.79,10.37,79.78,2475,29.5,706
Brazil,North,2014,River,3.25,7.73,1.97,7.12,27.46,13.82,3879,Boiling,62,419,3,42,75.11,89888,4.75,77.59,20.06,1195,5.35,239
Mexico,East,2004,Spring,1.58,7.66,0.35,7.3,47.33,13.49,641,Boiling,32.98,99,15,65,57.35,99007,75.58,32.94,40.59,1377,21.6,723
Brazil,North,2022,Well,3.39,7.32,1.74,8.01,0.28,0.07,2237,Chlorination,48.05,337,11,86,71.61,97657,44.49,70.47,67.01,2619,29.32,565
Pakistan,West,2018,Spring,0.21,6.24,0.95,9.17,6.7,9.49,4907,Chlorination,54.6,193,16,27,17.02,22118,84.44,55.72,43.83,560,32.02,619
USA,North,2019,Spring,3.64,7.01,3.26,3.62,14.66,4.01,3486,Filtration,54.83,116,35,0,73.44,91655,30.52,27.73,48.56,2581,0.64,966
Indonesia,Central,2024,Lake,5.31,8.39,0.15,5.36,39.45,6.48,3225,Chlorination,35.67,266,15,95,47.23,46563,77.53,61.86,44.06,1704,11.35,490
Mexico,North,2013,Well,8.72,8.49,1.46,5.78,44.27,19.58,1014,Chlorination,61.47,307,38,11,5.31,18504,7.79,71.19,96.25,2462,35.39,584
India,Central,2016,Pond,6.87,7.83,2.73,9.37,30.91,1.71,2021,Chlorination,78.44,163,22,49,24.98,52095,63.51,47.96,25.27,1908,10.34,169
Indonesia,Central,2017,Spring,1.12,6.57,1.39,9.69,19.16,14.45,2676,Filtration,33.41,478,7,52,4.52,20720,36.06,69.83,92.6,1799,18.9,872
USA,Central,2020,Well,1.48,6.25,2.75,3.84,33.29,3.46,1540,Chlorination,82.56,286,8,59,46.77,53383,27.67,42.4,45.86,1765,27.87,421
Pakistan,West,2002,Tap,4.28,7.04,0.57,3.83,9.04,0.15,2936,Boiling,96.86,23,13,54,33.94,29524,81.51,88.42,39.72,377,39.42,397
Pakistan,North,2001,Pond,1.96,8.14,4.71,9.54,22.89,10.03,3106,Boiling,30.65,493,8,34,98.77,18021,5.19,29.18,90.66,1669,17.03,664
India,North,2000,Tap,0.28,7.8,1.45,5.07,25.38,3.22,783,Filtration,43.56,404,46,60,87.11,11253,94.95,72.23,42.97,1379,20.15,11
Mexico,West,2009,Tap,8.05,8.21,4.62,4.69,5.24,19.31,670,Filtration,68.04,95,25,25,82.92,74773,78.55,69.97,99,1254,22.35,901
Ethiopia,East,2018,Spring,0.2,7.54,1.63,3.25,1.69,4.07,2769,Filtration,45.26,496,35,30,51.11,45837,35.56,52.36,63.85,1835,9.37,160
China,South,2016,Tap,8.31,6.33,3.91,4.93,37.51,3.84,2573,None,83.52,253,2,56,81.09,91284,99.13,38.03,58.11,839,14.75,964
Mexico,North,2011,Lake,1.44,6.29,1.23,7.85,26.74,0.64,2584,Chlorination,51.85,413,9,11,28.15,31825,20.25,45.66,98.12,2614,17.38,544
Ethiopia,South,2000,Lake,9.75,6.12,3.35,5.98,16.61,6.6,4942,Filtration,50.55,120,24,92,56.94,25835,40.24,60.36,38.14,2475,0.77,748
Pakistan,West,2011,Spring,6.04,7.42,1.62,6.62,21.86,0.48,1277,Filtration,30.06,71,3,4,40.51,10036,88.49,52.43,92.72,315,0.3,356
Brazil,East,2016,Well,7.35,6.61,2.55,9.42,47.89,9.98,3043,Filtration,48.91,352,29,98,18.79,31585,99.68,70.92,67.32,658,8.97,803
USA,East,2023,River,1.1,7.84,3.37,3.8,19.25,10.11,3172,Boiling,45.24,370,49,6,9.12,33787,23.91,38.85,80.4,1524,20.49,762
India,East,2002,Well,8.62,7.72,2.94,3.5,5.17,1.06,3782,Filtration,54.03,63,10,15,56.71,8500,74.31,18.58,66.56,521,38.23,427
USA,West,2010,Well,8.39,6.8,2.88,8.96,23.18,4.8,177,Boiling,40.34,242,18,95,11.57,86625,30.57,50.45,69.49,1419,38.9,662
Nigeria,Central,2016,Well,6.53,6.44,0.33,8.42,32.4,16.64,275,Boiling,71.63,126,49,51,72.36,81277,76.65,30.72,32.39,1639,25.89,177
Nigeria,Central,2022,Well,5.02,6.26,1.25,4.85,0.61,9.25,2359,None,46.71,372,12,80,92.3,28691,12.53,59.33,32.13,2672,33.08,637
Mexico,South,2002,Pond,7.21,7.84,2.86,5.27,16.62,8.69,3481,Filtration,88.22,38,35,20,17.89,98342,33.62,51.63,51.77,382,36.03,956
Pakistan,Central,2007,River,0.06,7.13,0.09,5.17,19.68,13.98,4886,None,49.92,384,2,26,48.15,95660,7.5,72.3,47.71,716,33.57,19
Pakistan,Central,2019,Pond,5.92,6.81,1.25,7.53,23.19,14.3,3359,Filtration,44.76,352,47,78,74.4,13467,49.19,56.02,76.96,1542,21.75,688
China,East,2003,Tap,8.47,8.14,1.15,3.43,15.08,15.24,1424,Chlorination,33.97,425,13,22,30.11,45074,70.15,44.46,77.82,1483,28.17,611
China,East,2020,Well,3.57,7.48,1.25,6.43,33.35,16.61,4122,Filtration,81.79,76,9,71,92.23,13746,37.86,19.59,65.1,2618,0.15,909
China,South,2021,Lake,1.08,7.3,2.68,3.94,47.24,4.65,2960,Filtration,65.57,469,37,24,89.07,72503,61.47,19.61,52.16,2544,25.92,347
Brazil,North,2006,Spring,4.21,7.86,2.91,8.74,45.7,1.33,2469,Filtration,37.96,4,39,10,12.17,14847,56.91,61.23,74.14,500,17.03,876
Indonesia,South,2013,Spring,7.27,8.04,4.54,5.66,33.22,7.61,3085,Filtration,45.49,139,26,62,4.69,67858,29.46,80.46,74.99,2915,25.79,120
Bangladesh,South,2013,Pond,1.07,7.72,1.93,6.69,25.34,17.1,2372,Filtration,99.91,251,23,56,97.69,84444,48.68,43.18,84.73,1923,27.78,189
Indonesia,West,2003,Pond,2.06,7.1,4.63,3.21,41.29,1.56,4068,Filtration,86.42,156,15,84,95.73,15882,6.9,52.46,84.94,2503,3.92,986
USA,West,2015,Lake,1.48,6.95,3.26,3.41,41.8,11.52,1590,None,54.49,258,9,53,43.38,67220,45.99,57.3,25.57,1404,34.98,705
Indonesia,South,2023,Well,7.97,7.93,4.56,7.73,41.48,14.02,4380,Chlorination,67.98,316,26,9,6.96,80635,45.82,48.18,49.92,2927,7.03,420
Brazil,South,2021,River,0.63,7.29,4.17,8.37,7.89,9.63,1112,None,59.12,434,6,49,62.65,82799,2.87,14.77,53.59,2628,0.42,785
USA,South,2000,Tap,6.87,7.76,3.44,7.97,1.27,5.1,1068,Chlorination,32.55,419,27,72,30.75,98532,51.39,57.13,87.75,722,17.19,190
Indonesia,Central,2016,Spring,3.66,8.23,1.78,8.16,49.16,6.53,2545,None,84.51,366,25,0,93.8,80796,73.77,20.97,60.14,1203,3.59,376
Brazil,West,2024,Tap,7.56,8.29,1.21,3.73,47.98,1.43,3649,None,80.19,236,17,85,79.88,9307,45.23,54.46,59.1,889,38.24,534
Bangladesh,South,2009,River,9.64,6.69,1.11,7.85,28.22,5.85,1814,Filtration,58.62,74,12,69,65.66,33703,64.6,72.03,64.3,2370,11.35,183
Indonesia,East,2021,Pond,1.15,6.47,4.76,4.27,49.65,0.89,3907,None,89.21,473,7,29,29.88,38285,53.24,10.44,30.18,678,8.94,95
Brazil,East,2015,Spring,3.14,6.65,4.79,3.69,38.53,14.53,3731,Chlorination,67.43,385,26,54,70.72,52801,78.52,44.44,65.22,759,10.48,557
China,Central,2015,Tap,8.1,7.88,3.62,8.3,25.87,17.96,2192,Boiling,34.56,28,13,97,30.34,67583,51.45,69.66,64.12,667,11.33,692
Pakistan,Central,2007,Pond,2.66,6.93,4.42,9.23,19.47,12.67,81,Chlorination,48.16,40,40,76,5.69,54542,33.16,52.28,80.35,2429,2.5,615
China,North,2006,River,2.15,6.43,4.59,8.02,29.64,13.13,3706,None,62.32,28,43,85,51.83,26210,82.76,28.82,70.73,2637,21.6,940
Pakistan,North,2005,Tap,8.25,6.25,2.56,8.64,25.79,9.44,3176,Boiling,37.24,491,5,5,49.89,64978,6.76,65.81,96.4,1529,0.72,956
India,North,2015,Well,9.87,6.82,3.15,9.94,49.69,3.12,1825,Filtration,69.98,99,19,23,76.77,41911,28.95,72.68,26.41,2503,29.87,72
India,Central,2019,Pond,5.57,6.34,2.09,3.94,24.52,0.15,81,Boiling,38.44,319,27,84,86.84,16273,59.15,39,81.73,1561,30.71,886
India,Central,2015,River,2.78,6.39,2.09,9.76,41.8,6.88,93,Filtration,44.04,57,22,86,36.74,70391,85.6,33.79,80.12,412,15.99,589
Bangladesh,Central,2006,Tap,3.99,7.71,0.19,7.21,40.68,15.03,342,Chlorination,92.58,210,11,4,46.05,81193,7.21,53.61,41.55,1098,38.83,662
China,East,2008,Well,1.7,6.05,2.17,8.69,3.57,19.21,2408,Boiling,99.99,137,23,6,48.1,16210,9.61,39.23,75.88,1520,31.27,440
Pakistan,Central,2013,Well,7.62,6.29,3.37,7.55,4.35,8.62,1854,Boiling,68.52,10,43,2,33.77,56503,28.24,76.87,72.75,2467,4.92,655
Brazil,East,2010,River,7.73,8.11,2.11,6.99,32.99,7.31,3999,Boiling,73.38,390,21,12,74.85,32071,34.46,72.32,43.9,2787,39.19,667
USA,North,2013,Lake,8.75,8.11,4.36,7.93,12.96,8.92,1089,Filtration,85.82,332,25,53,53.17,95915,84.35,34.95,77.9,622,33.8,383
Brazil,North,2006,Spring,0.27,6.82,1.66,5.24,32.88,8.56,623,Filtration,78.73,488,21,62,91.57,88738,95.89,46.56,94.45,2975,28.16,273
USA,North,2000,River,5.62,6.22,0.66,9.47,7.23,12.52,867,Chlorination,42.77,363,6,75,65.73,1211,1.72,81.16,44.42,2446,26.14,178
Nigeria,South,2024,Well,2.14,7.76,4.06,3.81,19.85,14.68,2476,Chlorination,58.82,188,14,5,22.77,45149,1.54,21.79,98.41,1414,24.19,326
Brazil,South,2012,Well,3.41,6.9,3.37,5.23,5.12,15.7,3472,None,67.46,449,47,97,18.15,22389,86.48,70.34,37.94,328,39.61,413
Indonesia,West,2019,River,7.85,6.11,1.21,3.22,14.1,12.99,170,Filtration,55.18,93,29,78,38.49,31804,13.56,35.34,30.77,360,19.14,222
Indonesia,West,2002,Lake,1.92,6.39,2.68,4.9,4.41,8.75,1782,Chlorination,42.33,341,3,46,36,7939,33.93,19.56,26.16,1256,6.63,577
Mexico,West,2019,Spring,6.38,6.34,2.01,4.53,48.53,19,577,Boiling,81.53,180,5,81,41.9,94409,27.52,19.36,37.09,210,11.78,643
China,South,2003,Tap,6.55,7.47,4.69,3.35,19.75,14.22,67,Boiling,43.92,320,47,54,19.99,93311,28.19,32.1,47.4,2754,15.01,873
USA,South,2010,River,9.54,8.25,3.04,6.44,45.06,8.53,1515,Boiling,48.23,282,46,48,97.87,41626,32.86,53.85,78.65,1667,12.66,907
USA,West,2001,Spring,7.75,7.98,0.79,6.28,48.56,8.93,0,Chlorination,50.06,390,1,56,16.28,39554,33.6,82.63,25.76,1977,1.21,755
China,West,2013,Spring,8.04,7.37,2.51,3.54,45.48,16.36,2198,Boiling,41.32,320,30,2,65.96,5088,62.02,34.24,60.58,1981,2.95,971
Bangladesh,Central,2011,Pond,5.32,7.06,4.31,4.83,22.75,8.81,901,Boiling,89.47,57,23,21,3.28,84539,62.88,25.94,61.5,2437,0.2,370
Mexico,West,2016,Well,1.87,7.55,3.36,9.67,38.94,10.33,4845,Filtration,72.74,24,34,34,41.88,8011,52.29,48.29,38.24,2038,27.16,681
Bangladesh,Central,2011,Tap,4.26,7.11,4.21,3.78,7.68,5.83,794,Filtration,88.43,303,46,27,32.3,60390,85.85,22.53,23.64,1624,26.58,132
Bangladesh,East,2011,River,5.49,6.62,1.25,5.14,4.74,16.78,2066,Chlorination,64.56,259,30,41,39.44,23174,84.57,31.74,38.01,1041,2.73,31
Bangladesh,South,2000,Well,6.78,7.7,4.44,3.25,43.85,10.45,1819,Filtration,66.37,477,24,11,50.81,57320,21.72,88.93,38.43,1807,12.61,227
China,West,2012,Pond,6.08,8.18,3.78,4.04,1.56,11.05,370,None,73.13,391,7,0,60.84,99912,54.36,54.64,75.04,2492,11.32,562
Bangladesh,South,2013,Pond,3.94,6.93,3.64,7.9,48.62,17.61,2538,Chlorination,55.96,496,11,99,59.18,51492,78.38,72.71,38.7,2640,18.14,886
Indonesia,South,2023,Well,2.65,8.1,1.73,5.57,33.61,18.41,3907,None,64.76,212,1,93,63.81,77166,86.69,26.94,47.22,1306,14.35,403
India,South,2001,Lake,1.68,7.08,4.44,6.16,20.98,16.48,2054,None,68.28,114,14,22,84.77,19738,25.52,51.61,23.79,1337,32.82,944
Nigeria,East,2011,Spring,6.94,7,3.19,4.1,7.07,1.31,2596,Chlorination,96.75,451,39,27,88.9,64833,49.41,50.84,69.92,1292,35.31,566
USA,North,2020,River,6.45,6.07,4.26,7.77,36.16,8.87,4466,Filtration,91.8,187,31,68,74.25,85634,52.5,75.01,57.93,1012,8.24,270
USA,West,2015,River,6.87,7.74,1.8,8.26,28.16,6.87,1688,Filtration,39.05,259,10,35,9.74,58734,69.96,11.73,47.6,306,4.84,533
Nigeria,North,2003,River,3.73,8.02,0.73,4.27,35.56,4.27,4852,Chlorination,32.89,135,16,53,96.21,42794,33.03,78.84,76.23,559,33.57,754
China,North,2007,Well,2.62,7.66,1.66,3.31,20.9,18.18,3321,None,77.62,489,20,46,94.85,85860,29.35,16.37,74.57,2397,20.06,242
Brazil,North,2001,Lake,7.6,6.38,2.28,3.57,3.31,17.8,1138,Chlorination,33.44,89,21,55,71.75,71862,70.56,83.33,46.23,1129,12.97,297
China,South,2009,Tap,7.74,6.26,2.67,7.6,15.75,9.31,2621,Chlorination,34.22,220,32,9,52.71,34987,39.93,21.43,76.75,2061,2.06,507
USA,Central,2008,Pond,4.56,7.43,2.55,3.95,15.75,2.69,2728,Boiling,41.15,15,28,4,26.56,68896,0.4,52.58,47.86,298,24.24,385
USA,South,2022,Well,6.12,7,2.73,6.46,0.43,0.27,1165,Boiling,54.62,146,14,13,76.12,42430,93.78,17.95,37.76,2903,8.31,945
Nigeria,South,2014,Tap,3.74,7.07,4.21,4.07,0.48,8.77,1508,None,60.45,384,20,23,88.03,44972,14.96,45.78,77.59,2168,1.51,795
Bangladesh,North,2012,Pond,7.02,8.42,0.85,4.19,16.54,0.8,3841,Filtration,66.36,100,1,62,67.19,66102,14.86,33.94,78.24,1011,17.79,723
China,South,2022,Pond,8.36,7.81,1.58,3.03,36.38,12.19,4558,Boiling,99.46,417,41,27,63.65,24785,81.84,43.61,89.26,2710,23.89,841
Pakistan,North,2016,Lake,6.88,7.03,4.44,5.25,31.2,12.17,4576,Boiling,56.97,476,37,20,20.91,20729,33.55,53.6,60.08,2037,6.86,96
Nigeria,Central,2015,Spring,5.13,6.05,2.8,3.63,11.95,17.98,4918,None,46.99,218,2,75,37.06,25913,32.82,46.76,38.59,2120,26.06,906
Indonesia,West,2001,River,4.59,6.09,2.92,5.76,30.14,3.8,523,Chlorination,70.27,367,24,19,72.87,17810,62.24,11.85,86.95,2075,7.56,894
USA,North,2019,Tap,6.42,7.71,2.39,7.18,32.37,7.43,2258,Boiling,45.06,44,12,61,3.66,69641,5.9,79.08,33.97,798,0.83,702
Nigeria,Central,2019,Well,6.8,8.09,2.74,5.57,26.13,17.19,4339,Filtration,95.84,62,23,95,64.84,77613,23.7,17.6,95.09,2549,5.96,179
China,West,2013,Tap,5.59,7.77,0.99,7.94,26.07,9.49,238,None,48.15,349,30,50,77.13,25017,5.33,88.45,44.53,1440,23.48,238
USA,East,2002,Spring,6.25,7.01,2.73,8.19,18.49,1.19,1220,Boiling,99.3,389,14,39,34.8,79275,29.15,78.11,21.5,2998,25.41,603
Brazil,North,2022,River,0.97,6.08,4.99,7.88,6.17,2.22,768,None,59.31,291,5,84,9.46,99937,86.99,54.91,34.94,1807,34.59,871
Nigeria,North,2011,Tap,9.52,8.42,2.83,9.56,19.27,16.27,234,Boiling,86.89,376,40,80,82.27,21886,90.93,29.62,53.18,2428,2.5,220
Mexico,East,2007,Spring,7.91,8.47,0.22,4.66,17.27,14.87,2760,Boiling,75.38,358,9,64,15.9,27465,30.94,16.9,24.42,1640,38.12,502
USA,East,2001,Well,3.74,7.37,3.98,4.33,29.6,17.52,4592,None,95.34,65,8,27,38.34,17711,18.76,63.75,52.76,884,20.88,687
China,North,2003,Lake,5.63,6.18,1.98,7.27,42.81,2.38,1519,Filtration,73.78,118,49,53,71.31,63142,13.53,26.12,36.23,2439,9.82,922
India,East,2013,Pond,0.47,7.35,0.77,7.16,18.77,15.21,1903,Filtration,70.69,233,40,1,82.06,76954,39.44,68.66,21.52,2341,14.62,967
Pakistan,South,2015,Well,0.41,8.23,4.31,6.57,35.49,13.1,2234,Chlorination,75.7,461,49,80,86.51,60025,82.64,76.6,43.92,1098,2.23,549
Ethiopia,West,2018,River,2.51,7.7,0.99,3.03,40.59,4.65,935,Boiling,85.05,7,40,13,53.98,56670,85.27,89.12,38.1,1887,4.4,31
Bangladesh,West,2001,Pond,6.9,7.8,4.6,6.89,10.59,19.48,1268,Chlorination,92.92,194,4,13,48.64,71127,4.59,50.34,53.58,1171,35.3,311
Ethiopia,West,2011,Well,8.52,6.21,2.21,9.53,45.08,11.41,818,None,48.68,226,44,43,85.14,58441,20.92,87.97,80.72,2918,4.24,815
China,South,2013,Well,5.59,6.27,3.71,5.34,3.52,18.14,3567,Chlorination,44.06,26,43,81,57.18,98812,20.32,21.95,60.78,1550,2.23,41
Indonesia,East,2005,Well,5.32,6.32,2.73,9.77,45.09,17.18,4117,None,32.4,289,40,39,58.71,65952,82.84,76.9,81.45,2031,23.93,320
Indonesia,Central,2012,Well,4.02,8.26,1.28,5.5,8.18,6.66,2115,Filtration,55.91,27,18,33,44.53,50965,45.63,38.78,46.93,1688,15.31,354
India,East,2003,Pond,1.62,7.31,3.36,3.98,16.86,10.72,2439,None,89.23,158,19,64,38.54,13763,36.84,39.18,21.05,2681,16.24,889
Bangladesh,North,2021,River,1.18,7.98,4.79,5.79,30.26,8.63,3387,None,34.89,144,32,17,49.09,67014,95.66,31.49,93.77,529,4.81,146
Mexico,West,2017,Spring,7.61,6.29,3.85,6.46,45.28,14.18,1088,Chlorination,67.7,466,42,33,37.76,63611,92.54,23.87,45.18,2774,1.77,493
India,East,2011,Tap,9.28,8.32,3.02,7.41,12.79,11.76,1827,Boiling,78.64,233,36,86,35.67,20607,44.01,45.38,62.15,1342,34.63,955
Ethiopia,Central,2019,Lake,4.58,8.05,4.95,6.53,38.18,15.7,4824,Chlorination,88.58,107,30,48,99.38,84510,12.83,88.98,57.54,220,15.58,521
India,North,2021,Tap,6.59,6.56,1.33,6.76,35.52,0.24,2588,Filtration,70.84,378,38,79,34.95,11868,17.1,36.39,66.65,2268,4.4,814
Ethiopia,South,2020,Tap,9.14,8.19,0.31,3.17,7.99,13.76,2615,Filtration,43.04,438,12,82,27.13,92459,11.21,46.89,90.8,515,8.01,586
USA,South,2018,Lake,0.9,6.66,0.16,4.78,23.97,6.38,1873,Filtration,97.52,202,37,54,36.68,85522,68.05,28.28,89.38,817,4.12,870
Indonesia,Central,2007,Pond,7.7,6.51,3.55,5.17,24.08,4.48,4307,Boiling,36.63,264,44,61,59.9,20637,55.47,36.97,98.48,944,19.12,600
USA,North,2006,River,6.17,6.66,4.15,9.91,15.23,16.02,1773,Chlorination,83.83,477,5,69,91.28,7430,55.66,14.41,62.27,1288,32.14,437
Pakistan,West,2015,Lake,5.99,8.27,3.18,5.07,39,1.78,199,None,36.06,312,46,23,79.21,35056,9.84,86.48,93.8,348,15.74,325
Bangladesh,East,2018,River,2.93,8.29,4.53,9.28,46.3,4.57,177,None,40.04,300,7,80,84.54,83662,79.33,50.78,58.6,1406,24.8,776
Mexico,North,2005,Pond,6.84,6.82,3.49,5.13,35.83,4.07,930,Boiling,92.88,389,42,47,86.18,10699,53.56,68.64,23.55,481,27.02,934
Ethiopia,South,2019,Tap,7.95,7.76,1.85,3.67,48.65,8.4,3736,Filtration,82.72,397,9,79,92.21,41572,9.1,51.06,31.7,312,28.48,862
Mexico,Central,2020,River,1.13,7.69,0.91,4.73,2.52,6.45,2036,Boiling,55.59,414,40,38,25.04,48335,74.71,71.62,46.72,1436,24.22,72
Ethiopia,Central,2010,Pond,5.34,8.02,4.62,4.91,1.86,14.41,1485,None,74.71,437,3,47,46.92,37034,98.13,52.73,78.04,1269,22.16,597
China,East,2004,Pond,1.01,6.74,0.52,9.85,44.69,13.99,2091,Filtration,62.01,10,13,69,39.75,52983,44.12,66.12,26.51,2693,19.14,291
India,Central,2015,Spring,8.73,7.28,2.71,7.72,44.89,6.51,4263,Boiling,34.66,324,3,79,39.42,6655,11.57,64.78,48.92,1293,18.94,822
Pakistan,Central,2006,Lake,5.08,7.67,1.57,9.52,5.36,8.74,2384,None,80.48,94,23,8,65.92,12234,10.14,52.69,98.59,2429,13.32,872
Indonesia,North,2004,Spring,8.08,6.07,1.36,8.84,17.87,4.16,4088,None,83.43,129,46,28,41.38,67399,2.59,28.45,82.85,1396,20.18,44
Ethiopia,West,2010,Tap,3.68,6.94,3.23,7.05,41.77,13.42,4681,Boiling,91.76,102,20,67,62.4,11611,77.04,26.95,65.76,1180,19.16,599
Mexico,East,2014,Lake,1.25,7.74,1.16,7.73,6.43,7.92,1915,None,67.84,272,9,59,39.46,94607,69.4,79.94,24.94,2557,12.78,384
Pakistan,North,2002,Tap,0.41,6.63,4.58,7.37,13.37,2.66,15,Chlorination,77.12,485,45,25,32.49,43753,58.42,19.65,21.17,1446,12.05,272
Brazil,West,2004,Spring,2.82,8.39,2.03,7.66,34.05,2.55,2934,Chlorination,60.66,109,24,37,36.6,48877,76.56,54.74,28.42,2163,17.84,972
Brazil,North,2022,Pond,2.44,6.08,3.39,4.85,49.09,6.45,836,Filtration,52.32,291,5,61,80.77,39920,99.93,50.2,46.17,542,32.12,62
USA,North,2020,Tap,5.6,8.4,3.64,5.86,39.86,14.95,2157,Chlorination,58.82,130,15,25,60.9,12651,40.18,73.87,68.51,2855,9.91,818
Indonesia,Central,2004,Lake,0.22,6.54,3.41,7.15,38.87,0.51,1576,Chlorination,93.82,190,43,13,97.45,16751,70.58,20.83,35.8,1343,33.82,525
China,West,2008,Lake,5.21,6.12,4.52,3.25,17.13,5.16,305,Boiling,41.49,298,27,98,83.6,71668,37.72,64.98,24.09,2795,28.96,523
Mexico,East,2014,Tap,3.92,6.73,1.16,6.38,33.07,3.25,2053,Filtration,47.39,92,35,48,49.61,3932,35.21,58.47,27.27,2281,10.48,300
India,East,2002,Lake,5.77,7.97,0.43,9.02,5.65,19.13,2890,Boiling,72.43,288,32,42,25.75,16574,85.09,66.1,54.14,2171,0.55,938
India,West,2005,Pond,7.02,7.88,0.28,6.45,49.61,14.11,3344,Boiling,38.14,205,29,87,68.04,96799,57.48,59.7,81.85,589,3.07,494
Mexico,Central,2016,Pond,6.34,6.52,4.39,6.87,24.03,4.66,4456,Chlorination,92.43,357,35,7,73.21,38706,12.06,55,85.69,488,35.31,882
Bangladesh,South,2020,Lake,9.85,6.49,4.87,4.41,31.94,4.15,1208,Chlorination,33.31,28,24,39,47.49,15442,40.35,84.1,43.28,1170,32.28,443
China,North,2007,Tap,1.38,7.61,1.51,8.56,43.81,17.16,1858,None,82.87,406,12,24,24.53,81689,79.66,37.89,73.08,766,15.18,662
Pakistan,Central,2020,Spring,4.3,7.15,3.47,5.51,0.05,3.8,2703,None,56.16,186,38,62,56.61,23536,94,24.78,51.42,2782,2.47,124
Ethiopia,West,2024,Lake,4.25,7.98,0.04,9.7,48.8,19.94,1971,Filtration,33.58,336,14,3,26.88,6393,61.44,73.63,97.8,964,32.45,124
Bangladesh,North,2010,Lake,4.17,6.06,0.94,9.96,17.96,5.65,1113,Chlorination,89,176,37,14,94.12,18233,39.42,20.38,52.4,755,10.21,784
Ethiopia,East,2005,Lake,6.64,7.53,3.45,9.41,16.98,1.69,983,None,74.83,438,29,15,63.63,95984,25.2,64.38,51.67,1323,38.12,133
Ethiopia,South,2007,Lake,4.9,7.83,0.33,3.59,7.25,13.82,3310,Boiling,30.62,330,13,53,30.61,66343,42.2,53.96,60.13,1251,20.92,771
Bangladesh,East,2009,Tap,5.17,8.48,2.34,5.33,42.91,12.19,4001,Chlorination,48.73,155,49,10,23.14,10038,56.57,10.1,22.04,775,28.61,304
USA,West,2023,Spring,4.32,7.7,3.31,9.62,43.54,20,2771,Filtration,54.64,245,3,27,72.24,14419,0.44,29.19,53.43,1015,18.47,888
Brazil,North,2002,Spring,9.92,6.58,3.83,8.63,1,16.04,3152,Filtration,52.58,198,0,6,71.36,91478,26.87,49.67,86.3,2562,1.11,612
Ethiopia,West,2022,River,9.28,6.27,2.27,9.38,2.79,8.58,2162,Boiling,64.88,108,2,37,60.52,56707,67.15,36.38,68.97,1178,2.53,570
Bangladesh,North,2013,Lake,3.08,7.6,3.15,7.01,45.92,13.53,2127,None,66.88,359,44,23,62.2,8309,67.32,44.15,97.55,2050,39.04,396
Bangladesh,Central,2022,Lake,1.12,7.31,2.7,6.36,6.14,16.36,3639,Boiling,57.77,71,49,94,61.18,64023,65.3,58.1,46.05,882,16.49,282
Nigeria,South,2013,River,8.4,8.25,0.26,3.75,31.05,10.27,4274,None,53.22,488,35,67,37.29,46266,94.99,68.47,32.92,2900,7.33,674
USA,Central,2009,Spring,9.97,7.82,3.71,8.88,30.98,5.46,560,Chlorination,65.31,220,3,36,93.87,30486,56.85,22.1,80.05,2802,28.81,391
Indonesia,Central,2011,Well,2.93,7.27,0.86,8.22,43.49,4.2,1809,Filtration,32.35,280,42,34,48.97,24593,26.97,32.63,23.49,1463,35.29,231
Nigeria,West,2005,Pond,3.58,7.01,0.16,3.41,28.63,5.91,4387,None,75.16,390,13,5,3.99,32160,81.16,60.92,32.76,980,10.68,151
Nigeria,South,2011,Well,9.42,7.01,2.26,4.47,21.7,16.96,2932,Boiling,72.42,376,24,32,36.14,41377,38.94,57.08,60.56,703,22.84,230
Mexico,North,2022,Spring,7.11,6.57,4.33,6.9,48.72,7.61,290,Chlorination,49.55,213,38,95,14.77,42972,23.93,68.95,80.28,1642,9.82,782
Brazil,North,2013,Lake,2.96,6.04,0.75,7.79,11.44,5.73,4637,None,42.57,456,2,98,37.61,81332,55.67,61.24,68.08,2978,32.9,208
Bangladesh,East,2001,Well,5.81,7.44,0.06,3.96,13.14,16.12,1909,Chlorination,35.11,74,6,80,61.61,2783,28.9,36.41,99.59,604,3.47,92
Brazil,North,2008,Tap,9.44,6.53,0.55,4.71,4.24,0.64,4689,Chlorination,71.11,417,7,53,4.22,31580,39.62,49.94,72.4,2959,14.9,938
China,West,2009,Tap,8.12,6.52,1.82,4.35,48.77,11.88,1428,Boiling,69.82,474,43,95,87.28,25018,69.32,80.78,78,2097,15.2,222
Mexico,Central,2016,River,7.42,6.31,2.9,4.54,35.32,17.47,947,Boiling,67.33,241,6,13,61.81,20662,99.59,24.89,99.51,2401,25.48,512
Indonesia,Central,2016,Spring,7.37,6.47,0.97,9.44,0.6,8.2,2527,Chlorination,98.99,149,47,18,30.95,25943,64.47,40.14,67.4,2461,7.13,316
Brazil,Central,2002,Spring,1.78,6.08,4.01,8.01,35.22,5.39,1348,Chlorination,67.21,322,24,87,32.5,1882,27.65,77.34,77.17,1582,19,734
India,South,2018,Well,8.25,7.69,3.77,8.16,20.21,9.83,380,None,80.53,177,16,10,47.64,86034,9.05,39.14,43.87,2745,22.08,387
Ethiopia,North,2000,Lake,2.76,7,3.48,8.56,48.38,14.35,1704,Boiling,37.9,175,25,70,26.31,93474,36.2,42.98,62.94,1979,35.64,282
China,West,2011,Spring,9.3,7.4,2.44,5.5,13.87,10.33,309,None,50.93,103,3,44,2.43,89515,1.93,35.54,92.96,1570,21.07,647
USA,South,2006,Well,3.65,7.59,1.83,8.37,35.51,0.15,3414,Filtration,49.28,118,48,59,4.6,75211,46.48,81.96,88.27,2589,5.28,992
Indonesia,East,2003,Well,8.58,8.43,1.88,9.85,31.37,1.57,1498,None,70.32,199,17,87,37.06,60249,66,63.07,44.5,2670,4.05,70
China,West,2009,Pond,2.66,6.17,2.52,7.89,0.6,14.43,2894,Chlorination,53.16,69,3,57,14.17,25193,51.18,26.7,48.58,1662,36.97,356
Ethiopia,West,2012,Pond,5.15,7.04,0.39,5.92,44.26,8,660,Filtration,74.87,56,16,87,4.19,35794,86.53,69.97,87.71,2491,39.19,40
Mexico,West,2001,Spring,1.07,6.61,3.41,8.01,6.98,15.7,3447,None,78.31,408,46,77,86.21,48280,49.41,13.08,42.77,1906,6.68,536
Ethiopia,Central,2009,Well,6.6,7.19,1.76,9.31,33.18,12.99,2273,Filtration,32.36,65,16,23,28.87,60004,46.24,41.71,91.01,753,30.05,369
Nigeria,West,2020,River,8.36,8.3,1.12,3.9,38.78,11.63,1497,Boiling,74.78,399,44,10,51.31,91830,30.97,82.78,81.9,2177,10.03,561
Ethiopia,North,2021,River,7.18,7.81,1.39,4.86,31.55,18.03,2072,None,38.18,57,24,71,19.58,90239,83.76,65.18,32.19,2772,33.32,330
Nigeria,West,2024,Pond,5.23,7.65,0.9,9.44,4.86,0.43,3436,None,62.56,116,2,43,6.58,83463,90.36,73.45,77.58,2003,3.86,285
Mexico,Central,2003,Spring,0.45,7.1,4.51,9.62,48.76,3.1,2142,Boiling,80.86,424,11,78,75,32529,97.79,84.51,86.75,915,17.48,754
Pakistan,West,2017,Lake,9.33,7.68,0.85,6.39,11.84,12.49,4660,None,79.23,306,26,65,14.25,84925,98.12,71.96,31.55,399,23.84,427
Nigeria,East,2004,River,7.05,6.08,4.41,5.62,31.39,1.32,1605,Filtration,50.99,20,16,87,4.52,45274,98.04,17.09,56.59,1208,34.1,842
USA,East,2018,River,7.46,7.47,2.86,4.98,39.86,12.9,4739,Boiling,49.07,78,21,44,59.55,77747,71.2,28.45,89.01,1423,34.27,809
Ethiopia,Central,2001,Pond,7.95,7.38,4.34,6.49,46.96,19.68,1431,Filtration,60.82,311,38,73,3.32,24642,56.27,50,35.89,1516,7.37,249
Ethiopia,North,2011,Pond,7.48,6.87,2.37,9.54,30.2,17.58,1950,None,43.21,353,38,31,44.76,69192,17.23,11.11,55.93,2527,38.68,159
USA,North,2016,Spring,4.41,6.5,4.64,4.05,12.95,11.82,3922,None,98.23,46,42,16,30.31,82995,76.71,59.97,69.02,1367,25.54,71
India,South,2009,Pond,7.34,8.02,1.06,5.94,41.83,17.88,458,None,54.14,373,47,53,33.3,28421,73.49,62.58,27.78,1803,26.35,742
Bangladesh,Central,2001,Tap,6.25,6.13,2.77,9.38,8.16,2.33,2948,None,94.61,170,35,9,2.38,11539,84.24,65.72,36.96,1537,35.56,438
Pakistan,West,2005,Well,8.54,6.17,0.63,5.44,1.11,9.09,337,Filtration,93.58,83,15,85,96.51,99206,46.25,54.46,57.34,1192,12.81,260
Indonesia,Central,2007,River,8.02,7.1,2.24,8.38,45.41,8.57,3943,None,55.54,107,36,5,52.66,74480,89.24,46.19,49.89,2300,16.61,20
Nigeria,South,2018,Tap,0.41,6.63,2.85,5.72,28.77,6.73,2013,Boiling,47.79,286,28,90,58.11,2129,71.87,78.44,45.98,2621,39.4,426
USA,Central,2010,Lake,3.79,7.86,3.03,8.63,3.48,0,4020,Boiling,83.96,270,13,19,67.28,24852,17.11,71.39,22.11,235,0.66,559
Mexico,Central,2024,Tap,0.35,7.59,1.83,9.87,28.99,17.82,344,Chlorination,46.06,175,6,0,80.16,48992,20.69,58.99,94.23,2859,34.69,586
Nigeria,South,2011,Spring,1.02,7.93,0.38,5.71,7.25,15.55,4671,Boiling,66.49,317,40,63,61.58,21707,81.43,13.68,89.71,1364,33.7,200
Bangladesh,North,2008,Lake,6.01,6.81,3.28,8.92,1.57,13.06,942,Chlorination,37.75,475,27,80,76.7,12023,42.57,65.51,51.41,1146,10.5,559
Mexico,West,2001,Lake,8.74,7.85,2.44,9.92,5.83,2.58,345,Boiling,57.02,69,12,0,45.98,30629,24.9,54.65,34.51,2935,32.87,776
China,South,2007,Pond,1.2,8.16,0.68,9.89,38.76,7.56,3894,Boiling,35.47,386,15,60,38.38,70079,42.26,65.48,25.52,1411,13.21,466
Ethiopia,East,2010,Tap,4.51,6.86,4.68,6.04,37.78,18.49,3319,None,49.84,165,20,78,82.67,35927,16.14,34.91,29.86,917,25.16,278
China,North,2020,Spring,9.11,6.85,4.78,6.4,30.22,12.34,3695,Boiling,76.57,342,3,0,86.8,71277,89.17,72.16,68.16,817,17.88,953
Nigeria,East,2003,River,8.14,8.25,4.28,5.12,10.47,12.07,324,None,99.39,57,38,80,15.51,16503,7.15,43.43,78.71,2860,4.05,510
Bangladesh,North,2009,Pond,5.2,6.12,4.22,5.2,36.95,18.26,2138,None,47.84,450,34,45,55.18,47096,35.32,81.56,32.51,822,35.81,253
Pakistan,West,2020,Tap,7.72,6.88,0.49,6.45,20.4,11.2,4389,Boiling,63.13,244,14,59,69,4316,55.69,18.32,29.02,2701,21.81,289
Nigeria,West,2019,River,5.23,6.3,4.97,4.4,25.54,11.95,3612,Filtration,61.36,44,25,42,10.19,19610,87.36,48.76,75.29,378,19.27,813
USA,Central,2015,Tap,1.58,6.07,2,7.98,44.88,6.91,523,None,42.89,171,45,43,93.1,66604,78.15,26.46,61.36,1237,35.18,157
Brazil,East,2007,Pond,1.25,6.28,0.82,6.75,22.89,7.43,2897,Boiling,72.7,263,6,37,52.97,46098,2.24,46.28,49.75,882,13.12,564
Nigeria,North,2003,River,1.88,7.08,4.06,9.29,31.32,13.71,3740,Filtration,80.73,382,17,1,65.25,62458,82.52,38.3,78,1888,22.81,118
Ethiopia,West,2009,Pond,3.51,7.72,1.13,8.67,48.09,6.41,258,Boiling,40.31,65,24,81,19.47,63999,63.81,74.27,56.45,2281,35.29,450
Ethiopia,South,2011,Tap,9.31,6.72,2.63,5.26,22.57,11.18,1110,Boiling,83,326,36,11,27.91,4605,13.33,23.37,57.21,909,13.72,458
Nigeria,West,2013,Lake,8,8.12,0.64,6.54,28.04,5.58,820,Filtration,79.01,188,20,92,13.86,70090,61.75,57.9,21.26,2175,31.74,965
Mexico,South,2015,Well,4.33,7.09,2.37,8.25,29.22,3.32,2788,Boiling,43.81,272,7,22,27.87,93298,81.79,42.52,45.28,2757,20.57,108
Brazil,North,2021,Lake,4.93,8.42,2.79,4.35,12.04,9.09,4664,None,75.43,70,19,8,50.25,90297,60.21,51.45,20.4,2435,6.31,564
USA,West,2017,Pond,2.66,8.39,2.23,3.22,36.85,4.35,4604,Chlorination,57.56,352,17,7,83.7,20882,99.91,67.15,93.91,2997,1.62,861
Nigeria,West,2020,Pond,7.04,7.93,0.35,8.97,36.33,17.97,1563,Chlorination,77.68,35,18,49,54.3,98940,50.7,38.57,43.52,2039,29.07,113
Mexico,North,2021,Pond,8.03,8.33,2.42,3.96,10.68,6.07,4620,Boiling,64.73,238,2,79,25.96,21670,67.31,39.36,34.44,527,10.48,202
Ethiopia,West,2020,River,2.39,7.77,2.34,9.23,0.67,11.95,1207,Chlorination,33.37,67,37,61,6.37,30795,7.04,16.14,27.27,916,32.63,636
Ethiopia,South,2011,Spring,0.42,8.24,1.31,9.4,49.95,5.27,308,Chlorination,85.09,107,17,22,62.95,92035,81.32,54.16,23.73,2538,7.56,55
Bangladesh,West,2017,Pond,6.24,6.59,4.61,6.22,29.08,5.16,1839,Chlorination,68.89,207,26,92,43.18,97198,62.41,43.35,90.88,2344,22.71,583
Nigeria,East,2006,Lake,5.63,6.86,2.09,8.65,9.05,7.01,3352,None,80.74,276,14,58,98.47,51117,56.12,74.98,33.48,2100,3.74,635
Brazil,Central,2019,Well,4.02,7.88,4.32,5.54,14.18,18.32,1383,None,38.83,209,45,9,78.42,38039,70.88,45.14,69.4,691,29.43,207
India,South,2023,Pond,6.44,7.06,0.55,9.01,30.89,7.83,2306,Chlorination,80.49,301,20,11,81.22,18420,56.05,87.66,72.1,1000,30.63,773
Brazil,East,2022,Pond,5.51,8.09,1.59,8.77,6.88,16.43,1180,Filtration,58.96,429,21,61,3.2,35592,76.65,23.74,45.4,314,36.66,114
Ethiopia,North,2006,Pond,2.51,8.19,0.88,3.55,1.86,3.95,2472,Filtration,85.95,347,7,75,78.22,42839,58.35,31.36,86.66,509,22.45,931
Ethiopia,South,2008,River,3.98,6.75,2.04,7.08,39.92,0.96,2686,Filtration,71.94,106,10,29,21.07,75160,52.01,41.35,37.12,2798,4.26,38
China,Central,2000,Pond,4.28,8.06,0.56,7.48,35.79,15.63,2967,None,54.84,379,42,73,59.41,12537,13.5,23.63,25.72,1415,33.11,178
Ethiopia,Central,2005,Lake,8.8,6.39,2.21,3.01,15.48,10.84,4445,None,44.13,15,11,77,45.85,73296,47.18,87.79,25.48,1901,12.56,536
USA,North,2005,Tap,9.61,6.84,1.77,9.86,2.92,10.07,960,None,87.11,238,47,67,58.02,40052,53.82,61.28,44.03,1005,35.98,643
Indonesia,North,2021,Spring,8.93,7.29,1.12,5.85,24.31,5.44,3456,None,69.21,405,38,46,15.08,14946,62.46,10.9,57.06,2832,39.11,878
Nigeria,South,2011,Pond,7.19,6.57,3.21,6.62,13.81,1.45,437,Chlorination,99.12,389,26,83,46.78,75295,45.59,56.28,70.35,311,5.3,540
Brazil,West,2021,River,5.85,7.45,4.75,4.36,19.89,9.66,455,None,56.14,221,34,40,5.62,28014,14.66,72.5,78.3,2092,3.32,897
Indonesia,North,2011,Lake,6.89,7.45,1.04,7.28,13.7,17.34,3817,Chlorination,78,439,1,6,6.02,82630,15.04,14.1,34.3,1526,35.9,466
Mexico,West,2009,Pond,9.39,6.52,3.56,8.67,8.76,2.4,1569,Filtration,73.6,255,34,93,66.46,11082,72.1,56.23,74.71,2117,35.96,498
India,East,2022,River,2.5,7.99,3.71,7.1,19.35,18.58,1103,Chlorination,74.63,300,30,87,95.27,57178,66.14,39.94,34.6,2824,23.41,452
USA,Central,2005,Tap,5.35,7.58,2.49,8.52,48.24,5.49,1618,Filtration,81.59,441,7,73,78.18,48958,25.95,56.52,99.78,2603,35.52,346
Brazil,West,2016,Well,6.9,6.79,4.49,8.12,13.31,10.64,3612,None,39.74,411,19,51,47.98,93418,44.59,30.21,96.73,2033,37.22,617
Indonesia,Central,2018,Pond,6.79,6.58,4.83,4.66,16.8,1.33,1512,Filtration,68.48,144,7,44,7.48,90843,30.7,63.28,28.19,1325,22.22,805
India,West,2017,Lake,2.52,8.2,1.81,6.05,16.46,8.5,4738,Filtration,65.64,163,3,37,6.41,17687,18.1,63.71,72.41,1790,27.46,408
China,East,2005,River,5.87,8.09,3.26,4.04,24.01,2.52,391,Chlorination,53.98,11,30,35,17.47,59037,32.62,53.16,92.26,514,24.54,195
USA,North,2023,River,7.96,6.57,3.31,3.29,42.18,0.96,2621,Filtration,60.53,49,31,80,97.63,61319,26.27,83.9,26.46,2441,6.98,574
USA,East,2018,Pond,4.75,6.09,2.02,3.44,20.11,19.33,920,Boiling,66.32,314,12,84,41.07,84987,8.24,82.76,29.92,2173,17.45,307
China,North,2009,River,7.93,8.01,1.58,9.6,40.31,14.6,2457,Filtration,52.46,359,21,57,84.65,19031,50.45,13.8,47.76,2042,27.26,933
Nigeria,North,2023,Well,3.6,7.54,4.67,9.89,5.75,14.38,3600,None,50.52,11,25,45,71.1,39664,45.09,33.19,27.66,1630,24.41,850
China,Central,2007,River,9.39,6.25,3.95,3.66,44.75,1.81,4508,Filtration,81.68,483,16,66,61.33,60199,71.46,39.14,90.85,1515,8.6,612
USA,East,2020,Spring,5.34,7.47,0.57,5.35,9.27,18.59,1788,Boiling,34.68,189,28,64,94.89,81165,62.03,14.42,90.04,1407,36.39,540
USA,West,2023,Spring,5.96,7.13,0.6,3.8,1.96,9.39,260,Chlorination,51.91,295,26,17,24.58,77078,34.34,51.89,95.9,1863,31.36,464
Indonesia,East,2005,River,0.31,7.94,4.61,8.84,7.92,17.05,2013,Filtration,75.76,92,21,1,46.58,67759,49.63,11.97,36.4,2772,2.74,482
Ethiopia,Central,2020,Pond,1.7,6.52,0.41,6.47,9.54,0.25,1335,Boiling,44.61,129,17,3,86.74,50798,53.61,64.25,23.63,1178,13.76,999
India,North,2024,Spring,6.33,7.13,3.44,7.35,25.43,5.96,334,None,70.06,348,4,95,56.07,81631,91.75,10.22,55.57,810,39.82,86
China,Central,2006,Lake,4.2,6.39,1.13,6.78,22.5,19.92,2779,None,51.15,477,11,82,26.15,88784,98.17,12.55,90.44,1689,15.59,651
India,South,2023,Spring,5.08,8.39,0.18,7.97,35.79,8.56,803,Chlorination,89.03,483,1,83,22.47,91443,81.55,76.7,71.08,2899,26.54,667
China,South,2000,River,0.63,7.95,0.3,5.23,2.55,17.77,2437,None,54.5,363,41,41,75.78,28837,56.21,30.21,99.87,403,4.03,254
Mexico,West,2017,Pond,8.34,7.84,1.87,3.96,24.89,6.56,2807,Boiling,46.07,408,6,48,3.25,74630,92.81,16.5,92.45,2652,12.44,433
USA,Central,2023,Tap,7.85,7.73,0.39,3.12,16.62,10.51,940,Filtration,67.11,340,46,48,91.59,88734,17.81,41.96,51.42,1599,35.28,702
Ethiopia,West,2024,Pond,1.85,7.06,2.98,6.12,31.54,17.08,3163,Boiling,39.5,213,25,6,3.8,38863,69.65,14.08,23.16,2467,20.42,145
Indonesia,West,2019,Pond,6.34,8.31,3.24,9.35,2.18,12.12,902,Chlorination,85.82,329,38,8,63.84,75845,46.05,70.03,20.41,1572,33,733
Ethiopia,South,2011,Pond,8.18,6.18,1.87,5.14,1.75,14.5,3432,Filtration,77.6,382,14,70,61.27,94721,14.47,49.53,71.54,1646,0.31,146
Ethiopia,West,2015,Lake,6.41,8.01,3.71,4.37,21.36,4.58,1268,Boiling,83.94,286,47,26,58.68,49630,7.52,54.15,93.26,1456,26.65,214
Ethiopia,South,2009,Well,3.1,6.54,2.45,9.48,40.57,3.12,23,Chlorination,57.92,174,32,20,48.49,769,48.07,70.24,55.54,2547,12,893
India,North,2009,River,6.56,6.81,2.15,3.74,33.55,4.61,4652,Chlorination,88.45,443,46,34,85.54,79401,23.9,72.76,89.94,1210,34.43,670
China,Central,2013,Well,2.1,7.3,2.03,3.36,0.84,9.86,2748,Filtration,64.55,200,2,87,66.61,57232,25.05,20.9,65.34,1894,37.76,869
Pakistan,West,2024,Tap,3.18,7.96,2.16,9.16,8.92,16.02,2450,Filtration,36.63,104,41,95,78.62,83574,32.02,32.42,27.84,1119,27.5,565
Mexico,South,2019,Well,2.4,8.1,4.84,7.91,11.34,7.08,1396,None,45.68,230,47,75,13.32,56667,71.84,24.05,83.87,2673,5.84,69
Brazil,East,2009,River,5.57,7.46,3.41,5.95,21.15,11.3,3357,None,79.77,97,1,86,6.89,96504,16.41,14.32,59.41,2882,18.72,848
Ethiopia,West,2009,River,1.08,7.01,1.58,8.27,29.34,16.1,3904,Filtration,92.75,102,16,35,4.8,24784,71.76,53,24.09,1177,18.58,258
Nigeria,North,2024,Tap,9.33,8.37,3.67,8.19,10.82,4.78,2488,None,36.66,40,0,92,16.43,33244,78.27,29.98,85.17,433,33.21,424
India,North,2010,River,3.34,6.62,1.65,3.28,19.13,17.66,3666,Filtration,90.5,433,35,66,67.37,22520,59.45,22.32,80.61,2337,18.42,894
Indonesia,East,2022,Tap,2.19,8.01,0.63,7.73,29.2,19.06,1757,None,85.93,150,42,42,50.41,7272,24.76,50.81,56.58,2907,13.31,647
Brazil,South,2001,Tap,4.97,7.53,2.38,7.49,19.17,0.78,4977,Boiling,54.96,267,16,7,75.72,52403,5.15,60.72,21.56,2127,24.45,992
Pakistan,West,2024,River,2.77,6.94,3.76,9.75,7.16,1.18,1878,Chlorination,78.25,326,1,97,20.79,39326,40.79,71.77,47.75,954,25.88,406
Nigeria,South,2019,Spring,5.35,6,1.89,9.77,24.58,1.82,2532,Filtration,43.09,351,32,77,37.96,70558,84.74,11.4,54.8,1640,32.4,54
Pakistan,North,2007,Tap,3.49,7.12,4.35,5.64,16.2,15.54,3514,Filtration,86.94,466,28,35,89.07,2663,10.19,52.1,33.23,2699,36.02,11
Brazil,South,2022,River,1.32,6.69,1.93,7.13,43.21,3.79,3773,Filtration,76.01,277,5,47,93.7,51935,74.48,31.37,32.87,2157,35.6,171
Ethiopia,North,2006,Spring,2.66,6.26,1.75,3.99,38.78,14.51,2078,Boiling,60.72,55,42,45,92.33,55808,46.79,89.33,33.36,1693,25.07,206
Nigeria,South,2007,Tap,4.38,6.19,4.99,3.47,9.51,8.83,4661,Chlorination,90.52,15,35,31,82.19,81613,89.88,22.55,49.65,1131,20.97,715
Pakistan,East,2000,Spring,0.3,6.87,2.41,6.03,7.63,16.73,2057,None,39.75,441,23,6,69.45,4663,35.62,45.03,85.4,247,32.05,839
Indonesia,Central,2020,Lake,7.71,7.54,4.03,7.83,17.38,16.17,677,None,89.2,455,10,73,91.54,44250,70.47,87.6,80.75,2470,12.27,568
China,East,2001,Pond,6.22,8.09,4.02,6.97,20.61,19.19,4946,Chlorination,31.67,221,4,11,71.99,15672,74.01,27.05,20.81,1871,30.32,235
USA,East,2017,Lake,6.01,6.46,4.63,6.01,46.6,5.02,2974,None,82.72,178,29,54,95.49,37754,19.87,74.55,20.77,2960,20.24,11
China,Central,2014,Spring,5.46,7.06,0.42,8.73,15.08,4.58,284,Filtration,70.14,133,9,22,4.43,59995,15.81,29.44,26.22,665,4.95,221
Brazil,Central,2000,Tap,5.9,6.98,1.36,8.56,43.38,0.63,2200,Chlorination,78.77,257,36,74,92.32,80331,9.27,16.02,57.33,2218,30.11,977
India,West,2004,River,9.35,7.28,3.84,8.12,25.27,8.21,4466,Boiling,58.86,61,26,51,56.46,79773,70.16,13.42,91.11,1283,25.94,736
USA,West,2001,Well,0.09,8.02,2.81,3.54,44.28,9.18,1840,Chlorination,90.51,481,26,12,12.96,11353,54.82,85.9,34.58,1503,3.3,302
Mexico,East,2019,River,0.48,7.38,2.8,8.58,35.1,19.29,1878,Filtration,51.92,476,23,75,23.06,58616,8.67,27.03,58.14,2264,18.01,89
Indonesia,East,2002,Well,1.91,8.12,0.83,9.44,35.42,16.62,1610,Chlorination,49.25,487,2,70,85.51,43426,30.83,33.36,23.26,878,19.46,128
Mexico,North,2018,Well,1.67,7.3,1.41,3.42,25.94,3.34,3962,Boiling,51.12,122,37,52,51.6,92963,14.23,87.35,21.63,2198,26.14,607
Nigeria,North,2017,Tap,1.81,7.51,2.61,5.81,42.02,15.97,4236,Boiling,84.21,41,25,62,98.32,84846,9.27,62.59,20.6,1790,27.14,840
USA,West,2021,Spring,6.72,7.09,1.39,9.92,12.72,3.57,3159,Chlorination,64.67,372,44,73,13.52,16597,29.88,49.05,78.93,2718,7.62,577
Mexico,West,2017,River,4.59,8.06,1.05,7.19,45.37,1.56,3498,Chlorination,67.6,372,47,70,42.43,65359,9.63,44.83,21.91,1028,1.35,951
Mexico,North,2013,Spring,9.92,8.31,0.44,6.6,31.84,16.74,2131,None,88.22,298,38,50,34.52,52898,26.02,13.89,41.91,1766,31.76,584
Pakistan,North,2023,Lake,2.27,7.6,0.78,4.24,21.94,19.52,3314,None,88.34,51,17,57,52.58,87931,55.27,77.12,71.6,1324,39.26,17
China,South,2007,Tap,3.11,8.05,3.84,6.96,49.11,1.76,1378,Filtration,41.32,378,2,26,64.08,37451,56.09,70.96,69.49,2787,37.63,704
